lote,tempo_processamento
0,0
1,3789.473684
2,3789.473684
3,3789.473684
4,2210.526316
5,3789.473684
6,3789.473684
7,3789.473684
8,5052.631579
9,5052.631579
10,3789.473684
11,4114.285714
12,4114.285714

