lote,tempo_processamento
0,0
1,4114.285714
2,4114.285714
3,3789.473684
4,3789.473684
5,3789.473684
6,3789.473684
7,5052.631579
8,3789.473684
9,3789.473684
10,3789.473684
11,3789.473684
12,4114.285714
13,4114.285714
14,4114.285714
15,4114.285714
16,4114.285714
17,3789.473684

